class,count,duration_mean,duration_min,duration_max,zcr_mean,centroid_mean,rms_mean
Insecta,199,4.971554006410257,2.73996875,5.0,0.1614723178297223,3697.0892315433252,0.03221538
Reptilia,1,5.0,5.0,5.0,0.4070440420327476,7473.1935843498795,0.011005741
Amphibia,451,4.950913248697916,0.576,5.0,0.18537273506893095,3740.757592642809,0.038220312
Mammalia,99,4.868396875,2.904,5.0,0.13960945614859765,3071.77613431044,0.031533927
Aves,34799,4.916040312500001,2.74284375,5.0,0.1820278757175381,3918.9975561407546,0.029036555
